cycle,capacity_CS2_35,capacity_CS2_36,capacity_CS2_37,capacity_CS2_38
1.0,1.126384506847021,1.1338066110520781,1.1242514698926915,1.1269639224083812
2.0,1.1261598161259705,1.1334134702484167,1.1239680467646185,1.1266423673534605
3.0,1.125965708259707,1.1328286101875913,1.1236105136578227,1.1260185527087898
4.0,1.1185076863180938,1.1270332722889724,1.117114771021268,1.1243545902001695
5.0,1.1172100749182547,1.1267116857980117,1.1162394574481525,1.1234087067005933
6.0,1.1137535513150443,1.124261017581048,1.108957941766771,1.115180092816477
7.0,1.0988181436744804,1.1150115166743946,1.0981491184637169,1.100052687941082
8.0,1.0961803263765921,1.1089666145750847,1.0958776870178866,1.098242347981245
9.0,1.0898711301696573,1.1075882593653052,1.089672638213185,1.0966422128897266
10.0,1.0875822954661674,1.105772038995162,1.0874846393851407,1.08975310223443
11.0,1.0947478949707463,1.1082769593025792,1.0945754725367562,1.0979544675033721
12.0,1.0955682863426888,1.112932182255405,1.0957344361950596,1.0991567115608851
13.0,1.0954329180709088,1.112988055371036,1.095762108609611,1.1031436292730643
14.0,1.095223222083344,1.1127971667461132,1.0955137193692257,1.1028658054722367
15.0,1.0948040555332583,1.112458056752362,1.0952649132021466,1.0988006635689032
16.0,1.0944448817959302,1.1121902604059106,1.0947067300112066,1.0986060109607774
17.0,1.0940442107208557,1.112012700816156,1.0943257046782395,1.098172780811427
18.0,1.0934614215105336,1.108000436582179,1.0937011753550059,1.0978666825936942
19.0,1.0927332194072785,1.1075350499545462,1.0931352487692285,1.0973708976492913
20.0,1.0888536787324268,1.1071381215567389,1.0926356846926204,1.09691628692272
21.0,1.0883814134478704,1.1067523031151418,1.0888153717764701,1.0965183915789969
22.0,1.0879949624513225,1.1064770587905484,1.0885092227174524,1.096165026768173
23.0,1.0876290188457574,1.1063048574157182,1.0882085882511443,1.095845957864241
24.0,1.0872335492167664,1.1058361647172874,1.0877279390935983,1.0955221391242471
25.0,1.086799750378054,1.1054579660440906,1.087289431892091,1.0950995552219207
26.0,1.0863976880895259,1.1051384630419614,1.0798652723735558,1.0947547221663
27.0,1.0764608398671511,1.0957048003880436,1.0694498509285462,1.0786648567107073
28.0,1.0682813219671374,1.08910990291196,1.067894979287813,1.0714319070035057
29.0,1.061871030040747,1.0879088780265784,1.0619544406014105,1.0698302667370543
30.0,1.0604499542130021,1.0871404645160523,1.0604383869811467,1.0686247035705598
31.0,1.0590703515513098,1.085984676363469,1.0692825977398996,1.0673164664600707
32.0,1.0684316315261961,1.0940259166577682,1.074870171494901,1.077831762607149
33.0,1.069764576241007,1.0949674538454621,1.0694893704477002,1.0789995229017195
34.0,1.0612467360899798,1.0858072780786652,1.0594285659815754,1.0676620830966856
35.0,1.0528038388294765,1.0794433426800802,1.0575282466909732,1.0600508718417678
36.0,1.0514969839157156,1.0791840180692092,1.0527086741698506,1.059969398576011
37.0,1.0507885373892558,1.078459123542833,1.0514152980476226,1.0592215927072286
38.0,1.049771042431389,1.078670996153079,1.0606646827273778,1.0589340100998772
39.0,1.05916552576209,1.0866210060020014,1.0662982574601805,1.06896977617528
40.0,1.0604562774048463,1.0870770175067002,1.0667978023778433,1.0701096219429687
41.0,1.057632133197537,1.0777931923143766,1.050711716697463,1.058865050235124
42.0,1.0482737033997178,1.0767807918113874,1.050165123934831,1.052498293070255
43.0,1.043392804566336,1.0764721394969263,1.049639202225427,1.0523217446554995
44.0,1.0429167637310581,1.0718244042078808,1.0485109025385053,1.0523710173691447
45.0,1.0420172556913927,1.0711227518872464,1.0507824824426413,1.0506023642407885
46.0,1.0497244102947476,1.0794928482397308,1.0582523243064943,1.0609424841653832
47.0,1.0519062232518257,1.080303519583967,1.0591994988614655,1.0661825778054341
48.0,1.056326663309842,1.0715311247130497,1.0480745802826386,1.0522889437986547
49.0,1.0414672148233903,1.0707666196755437,1.0431270037559512,1.0504990526028102
50.0,1.0410028838709957,1.0701721884619844,1.0423841737075843,1.049905803633351
51.0,1.0404851130044386,1.069615116531353,1.0415767932703677,1.0497819511825657
52.0,1.0392121440794764,1.0687016031198973,1.087456803032094,1.0497599119156593
53.0,1.0869982407359577,1.1050292745813424,1.0852813973537598,1.0902939110747052
54.0,1.0806073900944038,1.0990929585377924,1.0874953964532459,1.0908911533815202
55.0,1.0867494055373201,1.1049865681372835,1.0871837266699331,1.0962904248382146
56.0,1.086558905233767,1.1047656617609092,1.0776374293894657,1.0968847688793222
57.0,1.0774217859911137,1.0962976344543127,1.0708724495034165,1.0878293529286465
58.0,1.0701682589269284,1.0898435888352553,1.0699158338879207,1.0807362439818944
59.0,1.06872401501102,1.0886560950330975,1.0599973896674324,1.0805099107076006
60.0,1.0599737580294928,1.0807610695476868,1.0619581412433647,1.078512263829186
61.0,1.0609021876744713,1.0860892362381662,1.060535074950135,1.078537709322427
62.0,1.0596781797908184,1.0808095812683851,1.0518360038548848,1.0781053066077537
63.0,1.051177012969059,1.0778799578217966,1.0510534964888452,1.0709796387194535
64.0,1.0501143867903668,1.072507443611924,1.0501665351364118,1.0633453924262257
65.0,1.0443456535569908,1.071644855769363,1.0444716263185987,1.062939994228154
66.0,1.0435796836723814,1.0710681783700713,1.042316698804884,1.0609872858387364
67.0,1.041433869950444,1.069427286346617,1.0437725622399756,1.052339335011166
68.0,1.0423264380827935,1.0701084306616209,1.0434471953532873,1.0604151938680992
69.0,1.0419557832376922,1.069803950586544,1.0405321221890436,1.0593285921042053
70.0,1.034641962547191,1.0630968134928052,1.0348924800449497,1.0514236496859988
71.0,1.033443463109441,1.0626746137440728,1.0347168464180396,1.0513113452630227
72.0,1.0329174497809583,1.0622912734773848,1.034135735694405,1.0510668509751264
73.0,1.032427234234721,1.0618679206386368,1.032167952478061,1.0446965399430175
74.0,1.0256944892123414,1.060991049119722,1.0347642617383002,1.0521032836569533
75.0,1.0320833299509304,1.0621522655004774,1.0345973554710606,1.0521291543667268
76.0,1.0319108981369152,1.061782560477029,1.0340897149741386,1.0515294204557981
77.0,1.0313844850644613,1.0613756870442885,1.033459644919352,1.0510602131897633
78.0,1.030364005884403,1.0610967921544097,1.032944700057437,1.0505914697711651
79.0,1.025377354176111,1.0608590860835807,0.9206629631993534,1.0506695617985216
80.0,1.0253169236935857,0.9434336605672825,1.0326349475335,1.0502208455265467
81.0,1.024726663592637,0.9430515897543453,1.031854126902701,1.0449334944049598
82.0,1.0236789219894171,1.0599700170238358,1.0313673009308502,1.0446810545156464
83.0,1.0230800493568315,1.0596320866453741,1.030823847354896,1.0442416166280586
84.0,1.022644747838547,1.0593858327377004,1.0301282901094893,1.0436840983635811
85.0,1.022090350109911,1.0591517380510957,1.025449089688058,1.0432215238031748
86.0,1.0215154565915763,0.9405944345356114,1.0250148887072112,0.8866047086593583
87.0,1.0166036774510112,1.0584287782171922,1.0249470753592849,1.0429302761723394
88.0,1.0210170534761072,1.058566711060737,0.9122446502294078,1.0421032446189264
89.0,1.0157504618642084,1.0535018126898599,1.0238647829409824,1.0416267678633784
90.0,1.01513351153089,1.053104702907109,1.0235424492032066,1.0412821668473649
91.0,1.0147884828970244,1.0525044579979945,0.9041430117093464,1.0259243858614675
92.0,1.0055391697840463,1.044866290810998,1.008244180478403,1.0252117770002442
93.0,1.0041149778667153,1.0441194425385472,1.007446918585444,1.0245988854950596
94.0,0.998737578636572,1.0434839875419233,1.006737359170378,1.0410332030989748
95.0,0.9978437616368123,1.051927965298877,1.0242034930514996,1.0349103319584005
96.0,1.016196169483176,1.0518002543883493,1.0236859066292827,1.0354994103127855
97.0,1.0155185431841673,1.0514612660228637,1.0230357220591089,1.0445391199961294
98.0,1.0142635942717386,1.058584134343584,1.0303083192946838,1.0449149809408107
99.0,1.0229540025325519,1.059122054157851,1.0311314385208525,1.0409027419608827
100.0,1.0230958794828395,1.0521263014192885,1.0242303288264585,1.0349290101471202
101.0,1.0136374509856285,1.0506544182769002,1.016614075681691,1.034353803303257
102.0,1.0421101009645464,1.0506071928668401,1.0166026435114,1.033638253030655
103.0,1.0415623741167765,1.0504068477779425,1.0163085990210874,1.0324899626128972
104.0,1.04968097005276,1.0446112095990165,1.0150456340465381,1.0415504022157251
105.0,1.0502189671304398,1.0523018903420922,1.0221169771985763,1.0419327991609166
106.0,1.0345139422619067,1.0570248828199715,1.0235778231503287,1.0329449492721001
107.0,1.0342058576064643,0.9419005087546626,1.0238326361244499,1.0266290759510772
108.0,1.0346718461028606,1.043673606659353,1.0131887482262094,1.0251737708734954
109.0,1.0333621484101558,1.0436590275588964,0.8948926587988703,1.0252674513356244
110.0,1.0323499563117995,1.0435357440784234,1.012015257052343,1.0233651545384388
111.0,1.041169381175602,1.0422244599273245,1.0069225957811534,1.0337417866623901
112.0,1.041413811262639,1.0438376584704712,1.0051411192967947,1.034170796145161
113.0,1.0316781253648284,1.0505588070757266,1.015586780844971,1.0248938515114976
114.0,1.0251245508578273,0.939579020294354,1.0201290800549017,1.023218346620978
115.0,1.023763200472524,1.0418213778237928,1.007339027303895,1.0230265840016934
116.0,1.0230338283265104,1.0412617192358997,1.0049417542345147,1.0174586167088935
117.0,1.0168249863240748,1.0413186082636474,1.0046882631675529,1.0081743865758397
118.0,1.030891669898717,1.0359010313060117,1.0049989998930071,0.8767511882337011
119.0,1.031329276795845,1.0348378418233453,0.9971640938600319,1.0250399962658978
120.0,1.021634638883802,1.043636438274966,1.0118844185355371,1.0266075207471017
121.0,1.0136929867956737,1.0481717020304333,1.0132410725508108,1.0326935060946547
122.0,1.0140506899752453,1.0493846645674096,1.0136001009316984,1.0332813357290616
123.0,1.0074247388475122,1.0499876282325693,1.0150776530595396,1.0339791525811366
124.0,1.0144954747798272,1.0503921775369889,1.015726339483435,1.034412695257573
125.0,1.0212361163830534,1.0506812320035914,1.019705665700135,1.0348896370248186
126.0,1.021451952124413,1.0509321921044412,1.020107297871706,1.0350481303046615
127.0,1.0213081491896403,1.0513863777127967,1.0207449325022566,1.0353162604747885
128.0,1.0210868709973369,1.0514348276768717,1.0206639223689693,1.0356594367402205
129.0,1.020821496166261,1.0515431006174825,1.0209573802744358,1.035751982474257
130.0,1.0209851531120748,1.05169289923,1.0211441784693769,1.0357849607849232
131.0,1.0207928623759874,1.0517704073638094,1.0214018173170052,1.0357670482221648
132.0,1.0204963318712656,1.0518308059471324,1.0215983695956097,1.0357745955954967
133.0,1.01999324637743,1.051924230797901,1.0216847687457529,1.0357969572247445
134.0,1.0159808094811242,1.0519146100062062,1.0216903032783882,1.0357972637866777
135.0,1.0156879607474751,1.0519103816507929,1.0217759676774256,1.0174710108746805
136.0,1.0155568332898595,1.04408076857613,1.0139166595687596,1.0174721228912453
137.0,1.0155082828458015,1.0403094247750728,1.003551707859748,1.0168454063367807
138.0,1.0154827340879053,1.0355604561975285,1.0039581100137605,1.006940559204491
139.0,1.0159299792398835,1.0352020793508363,0.998490492809329,1.0228508734879447
140.0,1.0199768808763245,1.0340491305669115,0.9979594846745465,1.0266173825032379
141.0,0.9974043010955367,1.042231188752761,1.0055375187253806,1.031374137420783
142.0,0.998209455084404,1.043792144943735,1.0132411249286093,1.0145221085666132
143.0,0.9965402093647885,1.0426452610509311,1.0138543078220914,1.0161211766648015
144.0,0.9960214937045305,1.033361488420967,1.0132866064595167,1.0079117594604166
145.0,0.9946042077873745,1.0421139073761916,1.014152584001478,1.0138437853416578
146.0,1.004795305155153,1.0428438443098293,1.0220698286969765,1.0216741515797492
147.0,1.0053419057335808,1.0501080024095641,1.022435044882774,1.0219922694428973
148.0,0.9892254453768154,1.0504234603969678,1.0064719486405336,1.0057045384339454
149.0,0.98783034801796,1.0353848676297701,1.005710850364521,1.0050107633738328
150.0,0.9952966605341488,1.0353301621649185,1.0076174042672148,1.0060066768770102
151.0,1.0047639526301664,1.0355444802200522,1.0063896080674621,1.0042972171868354
152.0,1.0049595061933825,1.034915984240752,1.004936896973527,0.9985255390514003
153.0,0.9888022696116783,1.0346873929580855,1.0147766440799937,1.0138234645193414
154.0,0.9940255990048955,1.0431165027428007,1.0159636163569485,1.014601638429304
155.0,0.9943771458510681,1.0438656335907266,1.006781124531442,1.004429867061584
156.0,0.9938228623649807,1.0345894819183479,1.0046150624503734,0.9981709328489788
157.0,0.9946040130171476,1.0336469292617336,1.0049899725641671,1.0040551399416802
158.0,1.0029173996364473,1.0335519857794904,1.0050083005564718,0.9986121387717836
159.0,1.003949832890729,1.0333949108500609,0.9985735251731301,0.9956723524505554
160.0,0.9891224077913174,1.0322350734445709,1.0068067873346038,1.0060240798624165
161.0,0.9883696080131971,1.0410568551829302,1.0132589974334143,1.012361672509723
162.0,0.9872901233124124,1.0419883153599847,1.0140087464333465,1.0065101500991285
163.0,0.9883442785612961,1.0335773490136384,0.997658884372512,0.9954381568355624
164.0,0.9966089387806081,1.0320702081497974,0.997982210876029,0.9955200045866478
165.0,1.0028028350588283,1.032394974593541,0.998234381630659,0.9955826966215146
166.0,1.0033508922657144,1.0320390141074949,0.9980789158827869,0.9953719128593941
167.0,0.98706929083246,1.02616078167008,0.9973483703128281,0.997080620582528
168.0,0.9887449288432122,1.034831456767294,1.011000702926293,1.0056317560458792
169.0,0.9951140079029389,1.040359079264072,1.012255991488651,1.0064532003118745
170.0,1.0035062231112297,1.0408405847009106,1.0131071038946724,1.0109818905745376
171.0,1.0036968849837669,1.0410440753820165,1.0132339451223127,1.0113324950604892
172.0,1.0038726042341812,1.0413158974261123,1.0133880814698573,1.011620689826079
173.0,1.004058066940849,1.0415441306969553,1.0140592202744447,1.012260352184136
174.0,1.0042544271517968,1.041726597735914,1.0144325517029278,1.0125100969385816
175.0,1.0044062991518028,1.0417630602941277,1.0146031016671304,1.0125291818745485
176.0,1.005054048345979,1.0417219582797836,1.014781068273492,1.0125707174461365
177.0,1.0052667051041921,1.0417019879946394,1.015003655956703,1.012572017997104
178.0,1.0053708950329325,1.0417111361801885,1.0150783855315317,1.012621355148003
179.0,1.0053999395344748,1.0417717696399555,1.0152525743767598,1.012733027489308
180.0,1.0057002734307585,1.041873107701731,1.01553515649321,1.0130598060130789
181.0,1.005801998591239,1.0419307447299238,1.0158560839697868,1.0132878401542575
182.0,1.0058555735209311,1.0425034069949735,1.0159508573283702,1.0140811555354927
183.0,1.0058808273228719,1.0426041233135146,1.0207465267235587,1.0142849089223471
184.0,1.0060199504806921,1.032994120971824,1.0209262208363283,0.9977193643949199
185.0,1.0059863017913575,1.0319110394617557,1.0046611821021443,0.9967641068997689
186.0,1.0059876019858538,1.0317386942019364,1.004429701210964,0.9965400901783503
187.0,1.0059696126620699,1.0311648180667903,1.0041826812888601,0.9963916228744862
188.0,0.9963309572331707,1.0250735839384308,0.9980966866774372,0.9949491045511574
189.0,0.9948217445466202,1.0337311907270301,1.0072097010886338,1.0050743943151623
190.0,0.994521028049694,1.0346723122725725,1.0129344346988507,1.0060465487180112
191.0,0.9883843457319411,1.0314124231059862,1.0072772719648686,0.9968211628425319
192.0,0.9871311328142819,1.0246708218284628,0.9975373051770905,0.989877210171092
193.0,0.9961886673958846,1.0249937606848896,1.006055979274799,0.9974297566286452
194.0,1.0016267542892396,1.0267713235856308,1.0142745860452362,1.011737233575852
195.0,0.9973176445996305,1.0350927600453796,1.0153370616681452,1.0128235141471293
196.0,0.9868966354532899,1.0402679246056916,1.0078465465789896,1.0042173791258164
197.0,1.0267217395243768,1.0330147482470156,1.0048231081029404,0.9967258588919607
198.0,1.032906028770985,1.0261580989958805,1.0055623709518071,0.997567014951492
199.0,1.0343203106750487,1.0315088744128555,1.005730915191811,0.9980146846152893
200.0,1.0348239152996808,1.026575233726248,1.005406070373928,0.9969127319509368
201.0,1.034883663790742,1.0317644277718425,1.012871866995702,1.004644140623229
202.0,1.0347292723028745,1.0337410083733267,1.013633461126696,1.0070645630644797
203.0,1.034700332868783,1.0343894697330636,1.0046715534437625,1.0123380118225818
204.0,1.0348150427503124,1.0250977369600172,1.0042150382774835,0.9965961902364782
205.0,1.0345752757651585,1.0251069618103412,1.0044086999301622,0.9967526965402355
206.0,1.0341867641340197,1.0248507600969958,1.0039672830508393,0.9963782092844581
207.0,1.0338097562724637,1.0247375978877633,1.0035862865394682,0.9960696803600334
208.0,1.0330899756820036,1.0248243134945871,1.0119728046439507,1.00622603603067
209.0,1.0328522854118536,1.0329313916113219,1.013372989096383,1.0120578228348496
210.0,1.0325689512084644,1.033599667320584,1.0064322172428455,1.0040390500687122
211.0,1.03225089406925,1.0249724459023821,0.9986948824379214,0.9962835685844532
212.0,1.0321311192341007,1.024708882095911,1.0046403773846906,0.9982746019841034
213.0,1.0315885726791292,1.0250092791900112,1.0114560081543913,1.006283651129077
214.0,1.0228286943072558,1.0331880215641747,1.0134231673401595,1.0125375416016782
215.0,1.0139823002756203,1.0337776664164726,1.013666695886839,1.0126466741904432
216.0,1.0144459929584733,1.0337521787605588,1.0137193606721193,1.0128270801984283
217.0,1.0135169611767811,1.0338681487256158,1.013942344960365,1.0131011949207431
218.0,1.0071947479155545,1.0339706894932799,1.014104426949484,1.0132819311784236
219.0,1.0155509633060922,1.0339945351957467,1.0141630702931148,1.013548064733222
220.0,1.0210814188121677,1.0341308335161568,1.014409502958717,1.0142186635606694
221.0,1.0150788689413528,1.034648844418499,1.0149994654760688,1.0140569472451326
222.0,1.0051282810563014,1.034585831027146,1.0148382130556333,1.0140725211187933
223.0,1.0045215691874045,1.0345878294151272,1.0147989880267345,1.0141209325322789
224.0,0.9991076825610314,1.0344247087942653,1.0148699281533569,1.0142585931830381
225.0,0.9976109538495037,1.0344348360385809,1.01490017417439,1.0143721576301694
226.0,1.0070068291525534,1.0344631756770395,1.015000240054316,1.0145206369092394
227.0,1.0076463401746125,1.034410318618172,1.0150973908287522,1.0145247449125527
228.0,0.9982191781842366,1.0344397057566643,1.0153872332013736,1.0145396009499523
229.0,0.9958854367500491,1.0344776204702528,1.0151134613050936,1.0145878826925583
230.0,0.9953109274050419,1.034410778737283,1.0150714024198093,1.0145527889237103
231.0,0.9898175082935713,1.0343652920632767,1.0150697531302861,0.9989362548651666
232.0,0.9885376187240682,1.0255075561196954,1.0150926707221455,1.0040531845734344
233.0,0.9979857012611792,1.025033540333676,1.004607541619381,0.9986488676575053
234.0,1.0036791112971355,1.0245229726968903,1.005442619578057,0.9966367576806231
235.0,0.9964134268898389,1.02331079334101,1.0047805841338906,0.9955703174613127
236.0,0.9868981716359936,1.0176530290179004,0.9986100098391324,1.0055641471752594
237.0,0.9870884784415241,1.0260104737158149,0.9977803567553813,1.0067357447672642
238.0,0.9867313290853452,1.0314504363817483,1.0071135245574807,0.9986317611705837
239.0,0.9863201182207895,1.0242913825564708,1.0121445538656741,0.995569787179431
240.0,0.9890539220983674,1.0175588774401618,1.00362111035311,0.9974755937805839
241.0,0.9954218229371102,1.0223096879583757,0.9973415313270323,0.9974234374345132
242.0,0.9956969400915286,1.0342761853888192,0.9987402783497412,0.9898276539506687
243.0,0.9795235689846699,1.0413257948029773,0.9982200691111619,1.0046749908512553
244.0,0.9787960270717194,1.0424133676829868,0.9957516792766912,1.0055336877928915
245.0,0.9889367651412062,1.03596752522034,1.004655098484111,0.9974817300153093
246.0,0.9966287385414311,1.0324779177198,1.0055963478771863,0.9894950278243368
247.0,0.9969204553538157,1.0323100435248165,0.9979105863098772,0.995307809113743
248.0,0.9968583608033946,1.026978644406482,0.9953076216595533,0.9888455747492578
249.0,0.9968217321450881,1.0240506687786386,0.9958550278424464,0.989374185560856
250.0,0.996884635532937,1.0173956811231835,0.9898613887600406,0.9959280253051317
251.0,0.9968361942823105,1.0263038726027691,0.9951134997421135,0.9982088103699891
252.0,0.9968111573066131,1.031899775309505,0.9962010390772791,1.0036013019109824
253.0,0.9965887635226353,1.024862782957645,0.9983783345048735,0.9883048053418623
254.0,0.9963911038295699,1.0173914979937282,1.0035759073080939,0.9880546659558777
255.0,0.9962127681971513,1.01752642781854,0.989028584027301,0.9890634460980448
256.0,0.9960312370518538,1.0178070174270288,0.988826929891533,0.9877302848667432
257.0,0.9959191105424616,1.0175330884547586,0.9899099705533692,0.9878218315287388
258.0,0.9958409528735543,1.0167088121319794,0.9887752190396685,0.9974942644422387
259.0,0.9958535702850607,1.0168566113890904,0.9885349484142245,1.0030533567853586
260.0,0.9957174754583212,1.0247161086035268,0.9976499627859894,0.9887482333924585
261.0,0.9956502162522823,1.0264216110398372,1.002560110086908,0.9873353082280265
262.0,0.9954229014419208,1.0262121528335741,0.9891077518279592,0.987175515109623
263.0,0.9789682930662583,1.016820726396614,0.9875432923903923,0.9873452075697827
264.0,0.9777512249521022,1.0172593983865705,0.9871675410201906,0.9965152103852902
265.0,0.9775720728454733,1.0163005887586514,0.9877684550627688,0.9885218797375718
266.0,0.9863157375121945,1.0157200338956147,0.9966628161552203,0.9981172981558282
267.0,0.9871017937768864,1.0167515601500865,0.9883572525417947,0.9983701481851686
268.0,0.9783507627636574,1.0237168577477918,0.997348801170141,0.9876671550447403
269.0,0.9704417052615276,1.02417968361689,1.0027558215708159,0.9875379288646476
270.0,0.9703653920181594,1.0147891010358532,0.9969487748466878,0.9866542771105292
271.0,0.9699810677212032,1.0147232021027361,0.9874643205692782,0.9873639195020762
272.0,0.9784245319780143,1.0145386760608543,0.987326384503957,0.9868708391276055
273.0,0.9796393159290953,1.014495301827025,0.9866207451577498,0.9867501225612176
274.0,0.9852947168074363,1.0142994715102571,0.9888062300403839,0.9958429347025588
275.0,0.9689327047070245,1.0170017266378308,0.9882253582131759,0.9970342593150039
276.0,0.96834348327937,1.02221615029194,0.9964212555928945,0.9898657836300043
277.0,0.9682142883503887,1.0225760798690895,0.9977411190187147,0.9806893918141953
278.0,0.9685044631559417,1.0227089271244953,0.9969898215335896,0.9867744422377017
279.0,0.9684786166832067,1.0228413040077546,0.9869305047961217,0.9804769483644946
280.0,0.9778201328650258,1.022970031759964,0.9869023607388794,0.9805215512076524
281.0,0.9784144960654163,1.023240347735711,0.9810172574539632,0.9866775296805018
282.0,0.9692798785358708,1.0232254039353506,0.9805556884580946,0.9888137642781997
283.0,0.962305415273543,1.0233660448775344,0.980708986684376,0.9894429807309655
284.0,0.9625190325361124,1.0231448739131979,0.9887741041079231,0.9792010686104462
285.0,0.9619630370806096,1.0229917572158973,0.989344495757048,0.9786260538489071
286.0,0.9610128335254235,1.0234639413317548,0.9778539573822254,0.978571779914861
287.0,0.9700352374738228,1.023229950254388,0.977986907802073,0.9780814874845871
288.0,0.9766201259049363,1.0233507080911397,0.9781574207133044,0.9716787628691901
289.0,0.9711609395379545,1.0234031501477054,0.9775406584548737,0.9863229438370841
290.0,0.960203022157457,1.0236136172888703,0.9801077676021457,0.9869723747591884
291.0,0.9603708914633122,1.0174533828682002,0.9863057378994642,0.9872707520358497
292.0,0.9625217997267146,1.007393295887648,0.9866803966634249,0.9875204951909491
293.0,0.9619549657205942,1.007991463596018,0.9868308182021711,0.9878472324477574
294.0,0.9711865106879002,1.0070693623308502,0.9870231728088599,0.9883366194640866
295.0,0.9765622594501272,1.0062557022978402,0.9873802940635874,0.9888311932641813
296.0,0.9766113986106715,1.0080952977999167,0.987481690943569,0.9888267979242092
297.0,0.9766634216549258,1.0150064833290857,0.9877417995654241,0.9890045790293018
298.0,0.9766857261273997,1.0154224722974103,0.9878197291475611,0.9888954053093136
299.0,0.977403678699249,1.0056060572069387,0.9878929473587316,0.9886581496438696
300.0,0.9775983373972061,1.005302648441894,0.9876639726124467,0.9890464126807939
301.0,0.9777585751260944,1.005341327110563,0.9875604611161313,0.9890654999254916
302.0,0.9778448236736682,1.0052151120202526,0.9881604076041743,0.9891434156118801
303.0,0.9779059717720707,0.9989286036693813,0.9877817503992589,0.9941817522481623
304.0,0.977996177288193,1.0075409179356811,0.9880243643364928,0.9944385305665587
305.0,0.978002100680119,1.0083052423483898,0.988164597429334,0.9944952130625723
306.0,0.9780862535758763,1.0146753044544046,0.9883730708828921,0.9790469535107628
307.0,0.9782530920986814,1.008734209387385,0.9773252354725832,0.9778208007721987
308.0,0.9785300332301125,1.015813788452634,0.9708279597340095,0.9789484738929934
309.0,0.9783459544876644,1.0169928460920028,0.9770970823848795,0.9858891647422622
310.0,0.9783354431963519,1.0171872266934694,0.970209264762063,0.9861278985876036
311.0,0.9681818610839451,1.0066812123192341,0.9692033780166183,0.969499134052592
312.0,0.9608754365283414,1.0065719391841477,0.9785418590741238,0.9696883190388548
313.0,0.9609583399806172,1.0061508418014125,0.9797495367485289,0.9693331847340316
314.0,0.9608500606240138,1.0058610860762274,0.9772882598714205,0.9692315013426918
315.0,0.9600415446078494,1.0060014658935024,0.9686063632922616,0.9622808689629303
316.0,0.9683876294104253,1.0084622902776068,0.9687407410760203,0.9778396728996904
317.0,0.9700992774305741,1.0138830933847256,0.9689511264665931,0.979857652396431
318.0,0.9606814025743466,1.013968099181708,0.9684556353493456,0.9788656048214656
319.0,0.9597800854163634,1.013993837825036,0.9691752065307362,0.9866519091416699
320.0,0.9601190220193736,1.014211864283601,0.9768627666092694,0.9877945028958113
321.0,0.9592152712499306,1.0141954769259278,0.9793060316272099,0.988070594015847
322.0,0.9531109672313358,1.0141324833227325,0.9784466434912401,0.9717298654798199
323.0,0.9683422893701634,1.0140324922631083,0.9803490512535842,0.9716903740892718
324.0,0.9696408011616388,1.0139572813520457,0.9867550844031592,0.9715097059751162
325.0,0.962179863733083,1.0137901324478582,0.987044513705682,0.9709305118081497
326.0,0.9534041720607623,1.0135933251725855,0.9719398244891045,0.9695422866864392
327.0,0.9590403356759051,1.0135980079987423,0.9715381161542171,0.9789686815783402
328.0,0.9593704365355666,1.013552219322753,0.9711178436576123,0.9794416651379115
329.0,0.9590044864187866,1.0133455885687863,0.9705864934761267,0.9796804094210441
330.0,0.9610721321654954,1.01314365013501,0.9693604892205573,0.9797674670431088
331.0,0.9687960687204022,0.9978711928911943,0.9779408778739439,0.9802498030914741
332.0,0.969519399411128,0.996719450957507,0.9787531545534444,0.9858300546943459
333.0,0.9596849939589831,0.9964280446911205,0.9789141027686596,0.9860013698157154
334.0,0.958761632844569,0.9903364340419616,0.9790747999100632,0.9804300820483862
335.0,0.958860179591915,0.9891596882227053,0.9793301194159407,0.9803126569276952
336.0,0.953386023923382,0.9986291173241679,0.9793682338777389,0.9801527373685011
337.0,0.9528632917865418,1.004433984537184,0.9793768958805922,0.9799486130086137
338.0,0.9603535296015113,0.9963719741846124,0.9793834832732461,0.9798632906885478
339.0,0.952136519573564,0.9887604111658148,0.9792773188356176,0.9798295313495656
340.0,0.9515682014486117,0.9887955724465304,0.9791432521565767,0.9799224335850346
341.0,0.9596374349007893,0.9880703208997488,0.9790367001395586,0.9799022941408033
342.0,0.9592289368485695,0.9881639128567832,0.9789435622742142,0.979857940228647
343.0,0.9533217486646101,0.9958036768523265,0.9789301151578687,0.9797063268146529
344.0,0.962193090695889,0.9963216862571749,0.9789372546152696,0.9695429435351232
345.0,0.967648057837092,0.9965881168420149,0.9789961902953959,0.9617667517429602
346.0,0.9679039107231974,0.9872799588894782,0.9788175538782292,0.9617166248138811
347.0,0.9680513533736592,0.9812322081350516,0.9772914188299353,0.9608103172024504
348.0,0.9681374592300501,0.9806531260111739,0.9617622127654523,0.9599386280250277
349.0,0.9682880347580802,0.9808617543416331,0.9614269204567831,0.9689046994254279
350.0,0.9693557273680014,0.986848856155223,0.9610057022815978,0.9703133218092954
351.0,0.9713428124242277,0.9893851532734796,0.9602642378817544,0.97089655479244
352.0,0.9774094130217554,0.9899242114487227,0.960710386743095,0.9599710699951128
353.0,0.9777853189542488,0.980670637152282,0.9696263096501357,0.9533440657296997
354.0,0.9689928951847727,0.9876057896396073,0.9616113642129199,0.953335669530835
355.0,0.9689238996501304,0.9871285872282548,0.953606748355866,0.953353290067046
356.0,0.9701719465308652,0.9798390804339854,0.9593844785553807,0.9530309671440623
357.0,0.9712987157423145,0.9887487032321779,0.9530268671338755,0.9680238293898649
358.0,0.971200073231132,0.989442251069636,0.9534266981566555,0.9685603841755903
359.0,0.9778180721944113,0.9805879735918717,0.9603785660551554,0.9597309731444811
360.0,0.9782104082366423,0.9788625497473725,0.9618305708185874,0.9520701822979017
361.0,0.9714821772350183,0.9789177647548614,0.9679126209362285,0.9527382887283978
362.0,0.9695559975532383,0.9785663118667998,0.9526110127493721,0.9511025185381863
363.0,0.9694213724737814,0.9720475801196982,0.9518804370218511,0.9515000779608976
364.0,0.9707512392896198,0.9805258335002296,0.9514106569129712,0.9593549265262382
365.0,0.9707291552413696,0.9867903186191463,0.9510598941214072,0.960974965198913
366.0,0.976093575812211,0.9869358069034702,0.9509370728954073,0.9617178350456375
367.0,0.9771141952541974,0.9869974104743844,0.9597424649169028,0.9598943469971878
368.0,0.9772564212953591,0.9870931253739523,0.9604821031327374,0.9534013732462903
369.0,0.9687844771360773,0.9875769748547524,0.96001803265761,0.9613202888748019
370.0,0.968666313439211,0.987766753393149,0.9596073018123683,0.9680349989101935
371.0,0.9684567255558265,0.9879057636929246,0.9525688161257129,0.9607244599239628
372.0,0.968143925483163,0.9880260928986186,0.9614485150080772,0.9511914314656399
373.0,0.9623797058027724,0.988054581564531,0.9623106888797168,0.9513906770184439
374.0,0.9700123225574017,0.9880638015610195,0.9595115268143083,0.9511311087585532
375.0,0.9708125423166657,0.9880478453308633,0.9513634089636592,0.9507271291708858
376.0,0.9688127415430069,0.9880156212168558,0.9516184515560374,0.9511393250253706
377.0,0.9619879187419949,0.9880945853596906,0.9512247824254604,0.9596494487883528
378.0,0.962446473822264,0.9882878104161201,0.9506831701976755,0.9598673543902436
379.0,0.9677940126658239,0.988051722660079,0.9522152067162851,0.9601202098257856
380.0,0.9682733872135955,0.9877689739534214,0.959315919939206,0.9603045072106686
381.0,0.9685214457969706,0.9713551397546277,0.9595165521035905,0.9612145010981988
382.0,0.9702553778217688,0.9706076201936834,0.9596974563594903,0.9616091382657582
383.0,0.970625839312023,0.9702660331772943,0.959789307166731,0.9617431501725219
384.0,0.9707747748883538,0.9698585981032344,0.9600190617544613,0.9619001989815167
385.0,0.9708607553296966,0.9695250191367522,0.9604562682477911,0.9619965331788378
386.0,0.9708553034224966,0.9782195802637865,0.9608533682036406,0.962079937328457
387.0,0.9759605251164475,0.9788754465180952,0.961047228170081,0.9621703843071736
388.0,0.9761834997105076,0.9698409525179913,0.961104367388228,0.962269487836309
389.0,0.9762742101337604,0.9629003672630597,0.9612209934185761,0.9596565596293087
390.0,0.9762731342443235,0.9690528886991612,0.9613595426649069,0.9504264215519431
391.0,0.976280534366117,0.9624270907348154,0.9613319976829944,0.9437762383860453
392.0,0.9760725544321923,0.9612906387587777,0.9614248934798353,0.9434121270053136
393.0,0.9761205382987658,0.9704289134398695,0.9615481382905958,0.9431527706477243
394.0,0.9760217205064491,0.9720281316604026,0.9617520898674344,0.9439797901341443
395.0,0.9760316838624249,0.9710274055691549,0.9615670896855028,0.952377896627669
396.0,0.9760494030120499,0.9613023964887242,0.9615669285549453,0.9588059055885949
397.0,0.9759930599790423,0.9613913364563892,0.9507356627598624,0.9435431039868681
398.0,0.9758076675791776,0.9619237057283837,0.9440437688322462,0.9422549559682236
399.0,0.9678377252775308,0.9612168294183128,0.9434275811883134,0.9432699371827552
400.0,0.9810616772228468,0.9617217069654501,0.9430109422875291,0.942662514698307
401.0,0.9800405267648649,0.9703700798736661,0.9421536679987186,0.9419270531899342
402.0,0.9807073778075596,0.9710524433317429,0.9510094101029773,0.9503787812852503
403.0,0.9884020126511398,0.9696230263834539,0.952319639851694,0.9516508887787698
404.0,0.9891694667078306,0.9693632572348891,0.9520354492862972,0.9523466555777844
405.0,0.9808050244157939,0.9625957474778958,0.9419894864883679,0.9423649595751754
406.0,0.9800572007284393,0.9611350790908408,0.9424188616294678,0.9423651438156987
407.0,0.9803666482806253,0.960562596576569,0.9421763937133755,0.942227855235869
408.0,0.9800805880592611,0.9605199091503703,0.9417538786290702,0.9420938494115058
409.0,0.9789817769928428,0.9603391376101094,0.9352374773620448,0.9416884859501462
410.0,0.9866677697312971,0.9537056241037136,0.9502638125691212,0.9508405867131107
411.0,0.9871378162588823,0.953132292701464,0.9511355102878172,0.9441162809216018
412.0,0.9860458729678183,0.9619391992843658,0.9426599433537594,0.9504961317277208
413.0,0.9776592175893822,0.9628783066625226,0.9352391352526783,0.9440994190263661
414.0,0.9778880856673615,0.9688040597530231,0.935252663031231,0.9426187763421527
415.0,0.9778552235098363,0.9688642892072772,0.9414000189526923,0.9420493569233486
416.0,0.9694574611227151,0.9689266272807916,0.9411435483582533,0.9420317053987232
417.0,0.9696243622023575,0.9689735903065505,0.942526382794446,0.9419999029628291
418.0,0.9779205622333085,0.9690136844446583,0.9499060286799945,0.9416880391454315
419.0,0.978439555826711,0.9525782330817048,0.9436293364122434,0.9349651279814342
420.0,0.9687510210821922,0.9517306856880823,0.9430152804437439,0.9439302559946233
421.0,0.9610661626068885,0.953229968721245,0.9429527186786769,0.9504079655660618
422.0,0.9605962238147504,0.953804965423058,0.9415795161442361,0.9508314518875227
423.0,0.9683040759161757,0.9537991114043858,0.9352387887666066,0.9511605500206062
424.0,0.9694006607354979,0.9433205998068812,0.935219970977315,0.9513156396012031
425.0,0.9698449694398528,0.9429020531602065,0.9352132089089653,0.9514946986582078
426.0,0.9699426232208518,0.9433696568148071,0.9350964644583721,0.9516451536751669
427.0,0.9702362325514932,0.942927884279844,0.9341147752014097,0.9435825504425752
428.0,0.9705387715921311,0.9423491884146928,0.9418448339052269,0.9504660682156484
429.0,0.9705435205997377,0.951002610484714,0.9431328448310682,0.9512776687621711
430.0,0.9703053106265482,0.9511630947877241,0.9437195322148293,0.9516840707170523
431.0,0.9695138532990883,0.942987486890527,0.9440145117860581,0.9438718891333544
432.0,0.9692293454990673,0.9347610714278018,0.9441555706067591,0.9499213553089387
433.0,0.968956321089802,0.9344902213289143,0.9442320298827457,0.9499601060066794
434.0,0.968709792299634,0.9349772104548064,0.9497803827048522,0.9507052534071017
435.0,0.9686266159561472,0.9349701234514671,0.935226369232669,0.9503350182810433
436.0,0.9684963017784867,0.9348024105141693,0.9351962971142945,0.9526821403049862
437.0,0.9683731892546965,0.9434640075108637,0.9433629522677166,0.9585843980321128
438.0,0.9682104969326253,0.9438785807432131,0.9496796479884639,0.9513135519788337
439.0,0.9680627345389531,0.9339827265464131,0.9432352282725832,0.9441267784819692
440.0,0.9506776309663554,0.9256383000699394,0.9410614445128942,0.9499369865267449
441.0,0.9442161477203319,0.9262800908523765,0.9414721510408461,0.9500563486835816
442.0,0.9420542321756972,0.9331668558981405,0.9423057101474936,0.944116575293136
443.0,0.9416969048419513,0.9256357469917762,0.9431169028064782,0.9516962164478194
444.0,0.9350995822020318,0.9342416970091463,0.9433407263407325,0.9522510577241396
445.0,0.9513069707715761,0.9354567009012361,0.9504483533133102,0.9441192061963809
446.0,0.9526756706121019,0.941984863102527,0.9507269882868443,0.9426631560600027
447.0,0.9442774319894062,0.92502520954754,0.9430714701147987,0.943096477296764
448.0,0.9433459961262561,0.9246270138473487,0.9416189523209619,0.9428483312730956
449.0,0.9503787172055562,0.9254416831813139,0.9420488375224537,0.9418209761017076
450.0,0.9527774839377957,0.9244999059612374,0.9420527179577304,0.9503628550918881
451.0,0.9531486625872516,0.9334396098223897,0.941671532547848,0.9506438103863448
452.0,0.9419817870182252,0.9340673193180283,0.943422842487148,0.9423477177472973
453.0,0.9345537004238544,0.9343500111438409,0.9496204186507332,0.9415960715745226
454.0,0.933766616361746,0.9345138910251076,0.9497491070823694,0.9421181777330199
455.0,0.9334888738043081,0.934556644867689,0.9351573418257408,0.9419762580563547
456.0,0.9258153493614463,0.9346978281409001,0.9351775943018936,0.94253424347674
457.0,0.9320645343697624,0.9350437975990095,0.9351381110975475,0.9496358370868567
458.0,0.934399145506472,0.934944448548925,0.9349365626026315,0.950210612827566
459.0,0.9428251629732505,0.9347993515343898,0.9339282158477055,0.950484292394077
460.0,0.9440757753521501,0.9347405940614617,0.9418971254339525,0.9506366973033167
461.0,0.9341702198609231,0.9345056636073135,0.9426256909080537,0.9507370102942614
462.0,0.9329054560370239,0.9343738920587373,0.9416154867442301,0.9509283812921487
463.0,0.9327883937913083,0.9342168795323017,0.933477300990915,0.9514326081736989
464.0,0.932048035436184,0.9341498718018056,0.9338803406357761,0.95168372583404
465.0,0.9258986505454213,0.934076369839527,0.9336430068156116,0.9517493689897873
466.0,0.9351601874986786,0.9340107060010231,0.9347762055919182,0.9518221519584784
467.0,0.9415537702190951,0.9339119414459764,0.9338207754440364,0.9518250284169956
468.0,0.9408928557446545,0.926269527078523,0.9416973670670843,0.9518019729373095
469.0,0.9259181784966103,0.9250881751710807,0.9420696302390784,0.9516727130003878
470.0,0.925919731108561,0.9334998145234946,0.9421900723555867,0.9516700756985222
471.0,0.9246494483030581,0.9341099877779157,0.9423810784966824,0.95168684594853
472.0,0.9240650792589392,0.9341233454964004,0.9424557669036031,0.9516962536398613
473.0,0.9239050230894398,0.9166444295028446,0.942709714800913,0.9512164547693189
474.0,0.9328508523522187,0.9160976843359191,0.9431499795126347,0.9505626095755169
475.0,0.933658976525035,0.9160936718209347,0.9434274227475548,0.9520985710329789
476.0,0.924349441794663,0.9160102833811344,0.9433939313135201,0.9529274873962839
477.0,0.9234686159555783,0.9078873413207299,0.943391267657708,0.9530652455677067
478.0,0.9239472577735877,0.9243961342717152,0.9433474824562802,0.9437296654893014
479.0,0.9236280801195623,0.9250775055914825,0.9432241503894048,0.9438620816681839
480.0,0.9234251360072399,0.9242888510923145,0.9430992046975581,0.9440676756562881
481.0,0.9254166010685019,0.9078692553222961,0.9432844145824894,0.9437483687756105
482.0,0.9320799531243443,0.9078599268076983,0.9432321502661685,0.9424387039993732
483.0,0.9323381552472977,0.907863279433507,0.9430894870074664,0.9504252169075755
484.0,0.9167849167819597,0.9074388779675455,0.9429325343023097,0.950738785668632
485.0,0.9168064577423998,0.9068267772848303,0.9414013703754607,0.9498842229302853
486.0,0.91680596066936,0.9163830184275225,0.9352024792528059,0.9416322678084901
487.0,0.9168177293715797,0.9170138814407273,0.9418969427695291,0.94216466030937
488.0,0.9157667529602249,0.9079070019449429,0.9429749797579519,0.9420385954701168
489.0,0.9243561564604146,0.8987291404555128,0.9429708570616824,0.9421919656733703
490.0,0.9250413392234573,0.8987431298467629,0.9334558503301519,0.9414893751366189
491.0,0.9252684101817492,0.8987308336451023,0.9329469527848261,0.9440644923688338
492.0,0.9252484095059378,0.8803555737246227,0.9337656704643841,0.9498980249107032
493.0,0.9251909495991286,0.880332321012715,0.9333784960142929,0.9418005573208292
494.0,0.9250848281141208,0.8987302067449677,0.9323784401075138,0.9350501160911376
495.0,0.9250142898503677,0.9068602307169679,0.940729116101533,0.9409978871821529
496.0,0.924757515435093,0.889523496810908,0.940940394591739,0.9349631011586214
497.0,0.9248037827599048,0.8711782747099857,0.9407304660509016,0.9349231273585153
498.0,0.9243890453041488,0.8711527010527841,0.9260334993619294,0.9412815865538274
499.0,0.9243072682878045,0.8711680306057458,0.9260155673528452,0.9427084238146591
500.0,0.9241234222805138,0.8711967972223283,0.9319312260637433,0.9430824378318188
501.0,0.9235459475855844,0.8711803429506728,0.9254115598250536,0.9341723284048742
502.0,0.9233515326732314,0.8895333870961856,0.9334029229945003,0.933409628686635
503.0,0.9168325713486026,0.8977800557693958,0.9340308755611517,0.9335885179597952
504.0,0.9160386635995971,0.8980756709439232,0.9335894549130265,0.9337699994553169
505.0,0.9168403568897548,0.8983429355253587,0.9243125728450103,0.9330216425958339
506.0,0.9237143102418054,0.8986076975883235,0.9236256676740854,0.9409085378200266
507.0,0.9237202234030416,0.8987548897506132,0.9239922291507827,0.9413844553227658
508.0,0.9144200852630671,0.8987646445606167,0.9232931554066973,0.9416250091914168
509.0,0.9076129937589166,0.8987509704010407,0.9317117303028655,0.9417822093615301
510.0,0.9076300997046505,0.898758281652376,0.9321695701089044,0.9418767887407624
511.0,0.9070266977071859,0.8987365778776639,0.9319888314964879,0.9419988342289214
512.0,0.9063550209562089,0.8987792661903926,0.9167318990763873,0.9422846685947894
513.0,0.9140815915689274,0.898733921394475,0.9168018384014355,0.9422841143928474
514.0,0.9146963603114798,0.8985659675668618,0.9168486432415067,0.9422037050697044
515.0,0.9148759994627612,0.8986215654355665,0.9168623248295331,0.9421550532810467
516.0,0.9052564973436653,0.8986213280992978,0.9159852804753934,0.9420724019688889
517.0,0.8984545469799825,0.8986421281635526,0.924504693943859,0.9419272816844858
518.0,0.898388194562069,0.8803360563007161,0.9252512902251239,0.9418539551739304
519.0,0.8980343924101388,0.8711757493394716,0.9253541067673834,0.941821117399802
520.0,0.8982338877908698,0.8892857327536372,0.9254952605540392,0.9418085747742044
521.0,0.9061463835558251,0.7608341285837117,0.9256838638023827,0.9417337018368982
522.0,0.906467443691352,0.8895915161106582,0.9258706322805839,0.9417954212031069
523.0,0.905123859307938,0.8712427854590916,0.9260059402735801,0.9417191682779842
524.0,0.8967711467352302,0.8620597065261462,0.9259636606476185,0.9410878977190045
525.0,0.8892238896831482,0.8620221531592986,0.9259840303850887,0.9421647518881096
526.0,0.8966240641970747,0.8620267358705903,0.9257248608857146,0.9427615585688279
527.0,0.889222105649244,0.8528411287701776,0.9255659496167424,0.9428094909556507
528.0,0.8887756449398576,0.8620071249350578,0.9254914800280959,0.9336896600985467
529.0,0.898138402525078,0.8712026089034963,0.9253618006807404,0.9329316776914328
530.0,0.8984679465401729,0.8803418331389499,0.9252472297026354,0.9322822522363886
531.0,0.8958615610550399,0.8620129796929624,0.9252605129893844,0.932213548844911
532.0,0.8880015543759625,0.8528179172249519,0.9252250078111115,0.9343821768850535
533.0,0.8888992068066747,0.8436645017261012,0.9237586819335583,0.9407483993483674
534.0,0.8888003225671569,0.8798508554784722,0.9168426714844622,0.9340710062316998
535.0,0.8882005232731717,0.862053064780495,0.924577176103809,0.9247525429108735
536.0,0.8888139653845244,0.8620531006339325,0.9257451946231989,0.9238703069059089
537.0,0.8961203372084978,0.8620380633597068,0.9258904491167463,0.9328122548985193
538.0,0.8961984699016766,0.8797623105551132,0.9153826051628852,0.9332933190229045
539.0,0.8963604228993981,0.8803974917235913,0.9148337528008447,0.9252656674454611
540.0,0.8963600267750816,0.8620180403067136,0.9146116626692455,0.9166189841376701
541.0,0.8962243458775377,0.8528447492305936,0.9144898355473526,0.923463910375168
542.0,0.8964795895345674,0.8528151470560087,0.9141322881326801,0.9232559927776004
543.0,0.8965879042198213,0.8436696505486406,0.9168049843449578,0.9074417962814997
544.0,0.8965998325536425,0.8436629345688308,0.9231415598419215,0.9141411456933187
545.0,0.8965876427006713,0.8528169781421857,0.9232780367427513,0.9236119281853626
546.0,0.8966440394375775,0.8620191299938703,0.9076007672319364,0.9243193143410708
547.0,0.8967423014501308,0.8620302839533345,0.9074424229061405,0.907465959926819
548.0,0.89646879345817,0.8528370350119656,0.9070922478995549,0.9055172868589407
549.0,0.8964741879303488,0.8344857921587095,0.9063822015326812,0.905822724812199
550.0,0.8964430901498783,0.8344826660144808,0.9146616435783349,0.8982843811814688
551.0,0.8965010574539296,0.8344810222180467,0.9155080135444269,0.8977182803051933
552.0,0.8799889946072832,0.8344658756214602,0.9158732721990025,0.9061823658809149
553.0,0.8791704763223276,0.8344646989504457,0.9056112637587325,0.9148476654041438
554.0,0.879718458279799,0.852840276497965,0.905195550757569,0.9158821416082711
555.0,0.8873633462480258,0.8528441030800163,0.9056113628222946,0.9165323724249446
556.0,0.8875856227204881,0.8344872896489391,0.8971273111006093,0.922694991798663
557.0,0.8788700494092774,0.8344778768513144,0.8884430929645314,0.9232308645706219
558.0,0.8781693226667584,0.8344957641154368,0.8984722777470093,0.9233313536365116
559.0,0.8779736418512609,0.8344951795576893,0.9060608577778732,0.9234453422431252
560.0,0.8782173481973679,0.8344753672037024,0.9067013867710367,0.923130978691692
561.0,0.8779974435933913,0.8253201415701708,0.8879253967384987,0.9229908011686092
562.0,0.8790284932879688,0.8436784693405561,0.880209889160585,0.9229182559687749
563.0,0.8801227263721725,0.8436509177088495,0.8801822480384407,0.9228578097895964
564.0,0.8801037669185554,0.8436515879412263,0.8710204596181277,0.9227455215756902
565.0,0.8708941597124589,0.8253073812679254,0.888849728602658,0.9228306881023574
566.0,0.8699940545265671,0.8253066740137166,0.8967532876691381,0.9228577862962133
567.0,0.8703633263802995,0.8253308873899826,0.8975204534891847,0.9069168167631525
568.0,0.8701878706854553,0.8253323869721151,0.8980894302234547,0.9055494660948253
569.0,0.8697258949533608,0.8253212046242392,0.8984785380496007,0.9144773823608651
570.0,0.870946236808923,0.8345055651178331,0.8985138855043464,0.915735617735072
571.0,0.8709557174148721,0.843689760971289,0.9050190721345847,0.9164565677490328
572.0,0.877689630401671,0.8436744512433993,0.905106476584157,0.8981608620389648
573.0,0.8617313998793577,0.8436731791463229,0.9051742034624627,0.8966692067456947
574.0,0.8612305118330402,0.8436776008793535,0.8985027514685998,0.8891379437503945
575.0,0.8612645791204068,0.8436673128527294,0.8984527915471935,0.8889122292636356
576.0,0.8606973079870369,0.8436749394862217,0.8982846335082874,0.8978936757945077
577.0,0.8602808549868367,0.8436718130330163,0.8980834291533653,0.9058366649910624
578.0,0.8692612167651785,0.8436944679828092,0.8979249861764032,0.9064751868659348
579.0,0.870103303003599,0.8436827440190545,0.8980021145985455,0.8890550199477517
580.0,0.8704363771195398,0.8436933854045741,0.8979643678288441,0.8875540751232972
581.0,0.8605597378634932,0.8436813270745215,0.8801801638577238,0.8872923662025596
582.0,0.8610947938759624,0.8436809121398088,0.8791860543525585,0.8892270403537949
583.0,0.861596158106132,0.843716232955935,0.88861843679895,0.8877544158344273
584.0,0.8614760473161973,0.8345061040433274,0.8961540787448548,0.8873999225776992
585.0,0.8689585426796664,0.82533273910078,0.8710386801932135,0.8800020156392068
586.0,0.8702070590081087,0.8253112545026481,0.8708366628484023,0.8970427637539883
587.0,0.8706948799608778,0.8431836088832474,0.870452267302894,0.898330276979543
588.0,0.8708361683702955,0.843130257595134,0.869925104995171,0.889166379545303
589.0,0.8708611521598901,0.8253315580120563,0.8618733894134425,0.8799857812874673
590.0,0.8709606776333947,0.8161485137053894,0.8782401451994765,0.8870220790933496
591.0,0.8710032088204864,0.8161696648188058,0.8801224472140228,0.8799762586396253
592.0,0.8709043729113483,0.8161623181008582,0.88017356755711,0.8796598767360037
593.0,0.8708347307129446,0.8069858213008714,0.8618415035304341,0.879267196509025
594.0,0.8707650803565102,0.8069828526025751,0.8610747160244911,0.889131027471252
595.0,0.870702103300127,0.8161661643741751,0.860859298620565,0.8958204611157959
596.0,0.8705803666421115,0.8249451602472205,0.8711355403857203,0.8799587375663617
597.0,0.8704184315053668,0.8250326964594586,0.8700474080037734,0.8786412434801223
598.0,0.8702349964109853,0.8070011377709213,0.8619432625668652,0.8784790378809777
599.0,0.869943074124728,0.7978375177548369,0.8619253812577778,0.8707834851325117
600.0,0.870696448500726,0.7978331893282931,0.8781103052657206,0.8707717220658358
601.0,0.8693876243518259,0.7978427981545247,0.8790101127018815,0.8707816637701453
602.0,0.8617895495702236,0.7978349974040868,0.8707363802348984,0.8867594705932136
603.0,0.8705769624891513,0.8070196465727095,0.8609764835010344,0.8873660500542471
604.0,0.8704979080569815,0.8157832221777528,0.8608836734518764,0.8707999807045507
605.0,0.8618109441131021,0.807012414334848,0.8526953616073107,0.8700889575624075
606.0,0.852652081219955,0.7886600520390702,0.8527091996033197,0.8707903116539104
607.0,0.8526913009051048,0.7886692062304341,0.8520937236135099,0.8704965533737025
608.0,0.8527118500700475,0.7978226612100521,0.8618492745739857,0.8704068130746991
609.0,0.852707437800616,0.7886567538699819,0.8693156865919273,0.870615783817287
610.0,0.8525214654294573,0.7886770297053252,0.861748804758937,0.8798599134446081
611.0,0.8619547920116238,0.7978662708600095,0.8516972382967575,0.8799516703691388
612.0,0.8686938645226849,0.8070166691375142,0.8515133109517596,0.8707824849098682
613.0,0.8607469795713405,0.7886579650042324,0.8435031414836885,0.8696911006299873
614.0,0.852285921751575,0.788654468829129,0.8433389879450813,0.8698949390595898
615.0,0.8517866496422564,0.788669206346389,0.8427388877965136,0.8697053886692917
616.0,0.852232050006164,0.7886785412566182,0.8524973907093105,0.8694788123001664
617.0,0.8515858777765214,0.7886457816851185,0.859963902385456,0.8698565798978368
618.0,0.8512696212519869,0.7978579563404109,0.852646566436574,0.8785144628697739
619.0,0.8602295248121531,0.807015251277107,0.8425708380158474,0.8789677478687393
620.0,0.8607588978638341,0.8070173335128888,0.8429806393036341,0.879255381445275
621.0,0.8600875589972091,0.8070300174105234,0.8430839811515481,0.8793265013966094
622.0,0.8435493269535687,0.8070093213044306,0.8429048057365272,0.879326592425107
623.0,0.8422452574033645,0.8070401124735802,0.8343491904950242,0.8794028249992533
624.0,0.8704637355731691,0.8070231110878758,0.8514523916989594,0.8793666589255942
625.0,0.8598845961393404,0.8070325058532244,0.8522133832605403,0.8799601297764084
626.0,0.8333051746315975,0.8070432358170097,0.852624785964622,0.8799703111073658
627.0,0.8159950423027856,0.8070390164163161,0.8423557629690134,0.8799626220134847
628.0,0.8323062698942509,0.8070374788754205,0.834333679507709,0.8799413642558214
629.0,0.8323561152422957,0.8070161537107918,0.8343303133708426,0.8799275991795855
630.0,0.8253019745235329,0.8070173102852599,0.8343400858423159,0.8800595884793274
631.0,0.8058538294494211,0.7886095544786196,0.83432343273645,0.8783459900059287
632.0,0.7884500629680552,0.779446797487339,0.8431395155434481,0.8707157215982997
633.0,0.7880660263656702,0.7794452611283115,0.843484782266101,0.877899892451302
634.0,0.7792850912487204,0.7886224925416369,0.8434868796855317,0.8797948372510929
635.0,0.7792702120408839,0.7886381944513093,0.8509049666473192,0.8798807070180725
636.0,0.7885248620378349,0.7794447800670674,0.8508599003705876,0.8696909564913451
637.0,0.7963775477253268,0.7702779525620963,0.8434750269926423,0.8616408828282438
638.0,0.7882017521668391,0.7702825934213096,0.843481349895318,0.861644262526725
639.0,0.7701175361869891,0.7702795183933456,0.8508575811961149,0.8615940792526019
640.0,0.7701022514882241,0.7702855859698761,0.8509694623243119,0.860882636021724
641.0,0.7609089280745479,0.7702932572646838,0.8509340910768955,0.8616384186503963
642.0,0.7609134727150945,0.7794687854650256,0.8508511765863476,0.8702606503944998
643.0,0.7517404778069002,0.7794598323000035,0.8507409598802986,0.8705665443001168
644.0,0.769131137544652,0.7794783482328264,0.8434619335621558,0.8607607024508854
645.0,0.7701674827667401,0.7702965033427306,0.8434570972939753,0.8525368549077728
646.0,0.7701848842889197,0.7611258502328907,0.8435280953645159,0.860182133900922
647.0,0.7517702104550876,0.7611186525259319,0.8423385431511464,0.8525068852017943
648.0,0.7425652920134985,0.7611170063267553,0.834361303496278,0.8525138698854399
649.0,0.7425782970897109,0.7611078218844748,0.8435065314255487,0.8525051003351423
650.0,0.7425476356687117,0.7611265048881726,0.8435157716075881,0.8616896437606959
651.0,0.7425617016458456,0.7702985823882345,0.834349633947694,0.8607167634565548
652.0,0.742575102221436,0.7703173316654857,0.8251934251570489,0.8515372361875291
653.0,0.7333804247030888,0.7703129030619836,0.8251663327991579,0.8513261653602399
654.0,0.7333755886334898,0.7519329417946232,0.825183968203542,0.8515087498387494
655.0,0.7333672194274667,0.7519417776936047,0.8246265711884732,0.8433634256526281
656.0,0.7242229649944162,0.7519390461116053,0.82432482447997,0.843232938922793
657.0,0.7242052171629293,0.7519540974714031,0.833414942232865,0.8525253732061376
658.0,0.7334061481029488,0.7519445900523698,0.83389015487593,0.8525303357288211
659.0,0.7426056946545284,0.7519419500659489,0.816063252396025,0.8600559897933338
660.0,0.7426148887070279,0.7702635824949347,0.8160629948675898,0.8423039125207453
661.0,0.7421594122548929,0.7611266719488989,0.8160245120029135,0.842863151635202
662.0,0.7426373994002502,0.7519548596244373,0.8159798442485009,0.8429116783185329
663.0,0.7421063202745275,0.7611403528076515,0.8156194665690009,0.8424008058092303
664.0,0.7426434849823402,0.7611209590172899,0.8160339957065077,0.8433623927797121
665.0,0.7426344690561549,0.7611103844097609,0.8247313061592354,0.8515198699365405
666.0,0.7425243856410103,0.7611194227414364,0.825024866502793,0.8518746435239557
667.0,0.7426585883424791,0.77031480436073,0.8154904977994568,0.8521365048218119
668.0,0.7426360313938595,0.7703104316799002,0.8068719978598273,0.8522389880510869
669.0,0.7425554490455117,0.7787469939766429,0.8068675231787906,0.852299432925955
670.0,0.7423319480124084,0.7788756181400934,0.8068465828591529,0.852394149707455
671.0,0.7420464636568833,0.7788946001876081,0.8067754350514615,0.8523485227269377
672.0,0.7334742289704208,0.7788938810121367,0.7977041782045614,0.8524269729286378
673.0,0.7701589234868388,0.7789623726740217,0.8155057961280067,0.8524770687637817
674.0,0.7609033035578234,0.7790352269089696,0.8160184746372593,0.8524744110613168
675.0,0.7426676277422946,0.7790586614502408,0.8160229025700124,0.8524858747338923
676.0,0.7426465484159158,0.7790855274287456,0.7977069995634017,0.8525584356023455
677.0,0.7424494863644515,0.7790189976376792,0.7977094660889407,0.8526457373637725
678.0,0.7420699888364735,0.7789444098982692,0.7977164896607732,0.8526455329495749
679.0,0.7334772919121579,0.7794757225287291,0.797716225577679,0.8432960353092748
680.0,0.7334932709902129,0.7703022833499285,0.7977133281715766,0.8341454433662607
681.0,0.7334957483308469,0.7611330231315762,0.8065681732266299,0.8432733190671617
682.0,0.7243289756731514,0.7791765633761095,0.8068375016297405,0.8507453462228326
683.0,0.7243311252792412,0.7792611817304564,0.8068554077750455,0.8426300241135554
684.0,0.7242495019936396,0.7790398100177697,0.8068495046998267,0.8334597762092413
685.0,0.7240242081495654,0.7611228313820244,0.8145845468142303,0.8335925056084309
686.0,0.7150902867662645,0.7519477808956516,0.8146152547239918,0.8333683325999081
687.0,0.7150819934729593,0.7519707456051626,0.814702653793472,0.8332048916463315
688.0,0.7239010543552877,0.751982800679161,0.8147262923208844,0.8249664750642531
689.0,0.7243343034501507,0.7519603794548875,0.8147768117597738,0.8421012802226654
690.0,0.7151250547659594,0.7517027655251285,0.8147361294241732,0.8423934611866966
691.0,0.7059557209593157,0.7611709199430153,0.814732755795882,0.842499888757396
692.0,0.7059343942130181,0.7692792040625126,0.8147194940462512,0.8249395469584487
693.0,0.7059285744507864,0.7692667571223295,0.8148844026845433,0.8249440551320444
694.0,0.6967819928940042,0.7515328277717181,0.8068580844516307,0.8249547647199753
695.0,0.6967729477576236,0.7428487935324154,0.7976764901993565,0.8249579117886291
696.0,0.6967518754219327,0.742852142942184,0.7885220034136516,0.8249260680618394
697.0,0.6967558821576755,0.7336787370254829,0.8057413410659244,0.8336182345041351
698.0,0.6967881071192816,0.7336709996023923,0.806009295964697,0.8340551932770088
699.0,0.6967592324577617,0.7336756806192225,0.7976484593062071,0.8341063466286358
700.0,0.6875823689707986,0.7519096761372586,0.788240226783178,0.8157710920366319
701.0,0.687570361257292,0.7520381123813691,0.788155300800862,0.815784051763001
702.0,0.6783817493882122,0.7520467948736204,0.7793375518313552,0.8157887146718561
703.0,0.6784028253295951,0.733689349639332,0.7793332024242176,0.815804322599793
704.0,0.6783893076454867,0.724505213279123,0.7793375960193243,0.8157912095130639
705.0,0.6783862136958502,0.7245036501674509,0.7884990391418383,0.8245722469106744
706.0,0.6783815574454868,0.7428814891992552,0.7884721497975439,0.8249562735914427
707.0,0.6784119066110954,0.7326134240219601,0.7884888934501759,0.8332294220954125
708.0,0.6692140872234983,0.6878042120426561,0.7793360420472072,0.8247144721002275
709.0,0.6692154868076339,0.6786376291192338,0.7787559264041721,0.8158117027153006
710.0,0.6692230877731818,0.7060210847776428,0.7787111190915508,0.815781967513556
711.0,0.6692305928626917,0.7061584609407369,0.7787072056808348,0.8157775666772515
712.0,0.6692155312910768,0.7061748208677621,0.770160705079152,0.8157498702712869
713.0,0.660065971658288,0.669469141871689,0.7701640977663855,0.8157621106800532
714.0,0.660041161745935,0.6511086664681589,0.7793069704051035,0.824935426137609
715.0,0.6600493698367573,0.6511025362486509,0.7792857266263442,0.8331708888480442
716.0,0.6600511019046109,0.6419323354470592,0.7793164191000127,0.8332706826756496
717.0,0.660036668734467,0.6327543712964352,0.7697710546328862,0.8332824923145908
718.0,0.6966496697807585,0.6327511886055714,0.7610105733432071,0.833271561400216
719.0,0.6783964255143687,0.6511065427505708,0.7610017469281309,0.8332865944180884
720.0,0.6692261991333736,0.6602696700475508,0.7610046760738088,0.8333029024074996
721.0,0.6692081120749879,0.6602731175453229,0.7609878737565198,0.8332887076612975
722.0,0.6600510151684775,0.6327498720480139,0.7695847713823447,0.8332853525084833
723.0,0.6600347733691608,0.6235806599786283,0.7780370449509022,0.8330569672701552
724.0,0.6600434006254738,0.6235847648185537,0.7782662906953303,0.8329841498740984
725.0,0.6600647904904451,0.6144135776980257,0.7699700969365985,0.833002452488868
726.0,0.6600675678220167,0.6144286523882663,0.7609732442817807,0.8341460190066371
727.0,0.6600629047890765,0.6052366458063813,0.7609629659866679,0.8338776048879093
728.0,0.650902624169367,0.6144012610824254,0.7691626630163511,0.8249632474016795
729.0,0.6417156001433182,0.6327604051851277,0.7609707770364739,0.8341290096276883
730.0,0.6417004847991346,0.6327611032258831,0.7609693728346718,0.8416755256505266
731.0,0.6325370298469601,0.6419334560007126,0.7701366365320023,0.833555810556165
732.0,0.632521335626522,0.6052462163698099,0.7701379532012492,0.8248605030762476
733.0,0.6233725421088152,0.5960772358261275,0.7777510591448854,0.8242851729803427
734.0,0.6233439668359307,0.596078620732782,0.7778197425493741,0.8243285117209681
735.0,0.623363582329375,0.5960741581499276,0.7778112427638101,0.8157841917186572
736.0,0.6233786246307023,0.5960667828745954,0.7776078731886689,0.8157746043974642
737.0,0.623357314374226,0.5868990494621258,0.7777364004817187,0.8249511979672858
738.0,0.6325147702574311,0.5869038330145805,0.7777746712056858,0.832673290277504
739.0,0.6233120826501662,0.5777152084886814,0.7777968355016346,0.8326826332606784
740.0,0.6141356506505128,0.5685433522607604,0.7776922390321205,0.8157810761417088
741.0,0.6141446383400341,0.5685418353575702,0.7777007024134592,0.8067025534024366
742.0,0.6141310833483441,0.5685599413789499,0.7777645681740761,0.8066960645885622
743.0,0.6049631397803698,0.5685491971385997,0.787773964476129,0.8067005400045835
744.0,0.6049773979589615,0.5685494604719865,0.7786042928043504,0.8067127493949617
745.0,0.6049814759469636,0.5869008848768746,0.7701391446200333,0.8066949284071424
746.0,0.6141688575139805,0.5869087922307828,0.778692024694692,0.6956118991445783
747.0,0.6049734533584936,0.5869087219130419,0.7783856566956286,0.8158562347321858
748.0,0.6049995608707603,0.5869072286213082,0.7780897942531835,0.8158731657279991
749.0,0.5958137806238227,0.5868963480246298,0.760971600501005,0.8066907460759027
750.0,0.5958086692826445,0.586893613256672,0.7602768185348822,0.8061973653613215
751.0,0.586632513482979,0.5869057803794668,0.7517985189623699,0.8334195224454957
752.0,0.5866355564301386,0.586913371437481,0.7518261295684743,0.8233677915663892
753.0,0.5866171672488816,0.5868904054188921,0.7517965462148882,0.7883430643011229
754.0,0.5866400084639256,0.6235907545565355,0.7516480579953678,0.7699923342210225
755.0,0.5774618154073258,0.605240202310293,0.7609650723422423,0.7883076448441908
756.0,0.5774557218032718,0.5960961718861135,0.7686288678445553,0.7963192042039867
757.0,0.5774537088448182,0.5869134871217921,0.7686471799151533,0.7883209125856895
758.0,0.5958486704418464,0.5777343371525879,0.7518034198211759,0.7608392633988722
759.0,0.6050330997987691,0.5777262008313646,0.742695970701875,0.7516569834565069
760.0,0.6050376416458656,0.5685480548781897,0.742697017865321,0.7425003837755534
761.0,0.6050310060315314,0.5685708381536057,0.7426788827635972,0.7333349508359343
762.0,0.605036133323507,0.5685612362133641,0.7426926411037136,0.7333194194927968
763.0,0.605038676703325,0.5777340051802398,0.7426792936547897,0.7241622077106075
764.0,0.6050573587207911,0.5777432394890079,0.7518303435666132,0.7516491238699198
765.0,0.6050479959174367,0.5777434796320658,0.7595307734105102,0.7516667851343364
766.0,0.6050602931395014,0.5685442486487087,0.7426915415739193,0.7333104539973943
767.0,0.5958707277877165,0.5593905137399657,0.7335077788991919,0.7241612000917006
768.0,0.5867153637455665,0.5593736784487048,0.7334926352729448,0.7241368748604895
769.0,0.5775386048769218,0.5502002469860212,0.788212009324019,0.7149817467191062
770.0,0.5683542752326546,0.550215261427391,0.7792217568550017,0.7149769181967538
771.0,0.5591785925454879,0.5502093979037502,0.7426954539708854,0.7058187293609187
772.0,0.5591954083538471,0.5502412131237253,0.7243595524425454,0.7241374903418715
773.0,0.5500280270694514,0.5410678040821679,0.7426521030980084,0.7241559977212711
774.0,0.5500355679893599,0.5502352139960449,0.7426591444837441,0.7333149383512038
775.0,0.5500047375526453,0.5777449472553726,0.7426440259513354,0.7058354191855905
776.0,0.5500310453858455,0.5502185528005402,0.715203652451516,0.7058169528179875
777.0,0.5500170213901945,0.5410397769021331,0.7060244372372267,0.705807765594687
778.0,0.5408768888099551,0.5410490228255459,0.6968325298119129,0.6966438420424627
779.0,0.5408724520840772,0.5318665177548232,0.6876599409662539,0.6966404904943969
780.0,0.5408706624543688,0.5227022221436229,0.67852222237229,0.6874808917616054
781.0,0.5316896361395484,0.5226930889719313,0.6968153444629904,0.6874835711276539
782.0,0.5225219651994492,0.5227051627499014,0.6968075947580863,0.6874868355335483
783.0,0.5225248623076586,0.5135437008193269,0.6785087435155092,0.6874808220161568
784.0,0.5317092269146991,0.5135272304460843,0.66935260096626,0.6782965210308743
785.0,0.53171830361283,0.5135279721497742,0.6693454132991119,0.6783028984387166
786.0,0.5316848951894705,0.5135264919926945,0.6601860023591025,0.6874731260680143
787.0,0.5317137895902334,0.5135333520747332,0.6601785073519815,0.6966440749943809
788.0,0.5408921126948768,0.5135409729189913,0.6510028772648012,0.6966499982662322
789.0,0.5317133218691139,0.5043629599467657,0.6601695863375638,0.6966592243947517
790.0,0.5317109015265894,0.5043565290669756,0.6784974209154092,0.6966472671516678
791.0,0.5225295728559419,0.5043492529444553,0.6873050089968968,0.6966409203969125
792.0,0.5225386129232723,0.48600777187109634,0.6510014050307434,0.6966518450817601
793.0,0.5225355904079173,0.48601300915783624,0.6418271603462382,0.696641279726256
794.0,0.5133551083918046,0.47683936871532384,0.6418239752788724,0.6966924025609977
795.0,0.5041879168944063,0.47683329096667343,0.6418267095833403,0.6966818947499238
796.0,0.4950309760316624,0.47684114114629655,0.6418332742201411,0.6875728847616891
797.0,0.49502343541731847,0.47685027597542384,0.6326754908837782,0.6875859692088637
798.0,0.4950120405900046,0.47683897093251115,0.6235120915740934,0.6875925968078318
799.0,0.4950129640810567,0.4768554922730048,0.6235000308373421,0.7241530761337698
800.0,0.49505485078264305,0.4768387326970327,0.6234726990258533,0.7149617777545249
801.0,0.4858915984454979,0.46767228012860196,0.6234832577515464,0.7057922291199963
802.0,0.4858857783622137,0.4676858345023537,0.6143106098994054,0.7055648838848002
803.0,0.4950486506857188,0.4951789506797556,0.6143109390424624,0.6966394773852981
804.0,0.46754754463706505,0.47684709384871476,0.6234911285799998,0.6966199088996029
805.0,0.4583934404397711,0.46767382221830744,0.6234925948864642,0.6874630098404931
806.0,0.44921228018475073,0.458486523178308,0.6326352273804865,0.6874686287306468
807.0,0.43088064445082813,0.4493270591837598,0.6326353988444847,0.6966432374898699
808.0,0.4216908042366721,0.44933007023526417,0.6234610434894136,0.6962718823588772
809.0,0.42170006030404233,0.44015491393093886,0.6234628325298989,0.6965778490537812
810.0,0.4033692452325771,0.44015339479608123,0.6234628389560644,0.6874500515161036
811.0,0.3941834554694055,0.4309862840425107,0.6326322144978266,0.6873658709587892
812.0,0.39418345637046176,0.44017028422140725,0.6326414821723447,0.6782929629323079
813.0,0.3942000052179978,0.44015824971725226,0.6326881805438638,0.6782945954154488
814.0,0.39419101575877863,0.4493424390052702,0.6327033342255619,0.6782948412082731
815.0,0.3941832451900517,0.42182489346501273,0.6326973298732181,0.6783233370111537
816.0,0.3941865345306234,0.42182205012659324,0.660159818811223,0.6783384060672568
817.0,0.38503360535812475,0.4126514034834533,0.6417979070820522,0.6875000079303809
818.0,0.3758661804547326,0.41264530474669614,0.6418052270629558,0.6782919801823528
819.0,0.3758662141762447,0.39431081801162204,0.6326225470516136,0.6782971722801384
820.0,0.36667562733211073,0.39431382056805153,0.6326384715376263,0.6691638413961356
821.0,0.256677191298316,0.3851449496607439,0.623462801301926,0.6691383171641321
822.0,0.35751722309013495,0.3851373324752366,0.6234824591367768,0.6599757159147603
823.0,0.3575413227530788,0.3851361992940125,0.6234629008241187,0.6599604199542272
824.0,0.3575518433711679,0.3759654375553729,0.6326404047494243,0.6599757615435127
825.0,0.34838306593902935,0.38512510353611207,0.6234602693436312,0.6599603374467077
826.0,0.3392087124984694,0.3942956309162435,0.6234618893018634,0.6599381456805425
827.0,0.3483751748839945,0.3943002169880211,0.6234422843195085,0.6599465909746465
828.0,0.3483751495647857,0.3942986728983519,0.61427629869262,0.6599804373120732
829.0,0.3575579703025525,0.39429697579105105,0.6142620340909993,0.6599772551295007
830.0,0.3575413995803954,0.39429057300579334,0.6142692956067187,0.6508049721825606
831.0,0.3483749266708227,0.375960938998975,0.6051030360760193,0.6507725229136797
832.0,0.3392181625784727,0.37594102741428165,0.6051345970108618,0.6416254377885722
833.0,0.3300245148356597,0.3759442197755594,0.605134341602787,0.6416437031574923
834.0,0.3300274704158397,0.3667738846970948,0.6051457882894288,0.6324642332929364
835.0,0.3208599774757216,0.366799688543635,0.6234064963446491,0.6324733111013668
836.0,0.3208630363648057,0.37595788139567676,0.6051363086964766,0.641645383059449
837.0,0.31169534067624055,0.36680703112297297,0.6051263416308483,0.6324627773075937
838.0,0.31169233845198496,0.366805685360922,0.5959741662036112,0.6324898946854168
839.0,0.31170135896259954,0.37598672301557734,0.5867963588134743,0.6324657705231294
840.0,0.30252367069197267,0.37597463265685543,0.5867978469420885,0.6232998262635312
841.0,0.31169537723571394,0.37596704441251577,0.586799275031245,0.6233284776778766
842.0,0.31170740055789914,0.37598825481335185,0.5776264884068614,0.6141790739405534
843.0,0.31168739775500465,0.3668042445830111,0.5776266167666274,0.6142301874667673
844.0,0.30252167177236655,0.3668111236193598,0.5776237123192465,0.6050642709452688
845.0,0.30252989074088893,0.35762928184101767,0.5776298235750251,0.6050706941880504
846.0,0.3025303923210256,0.35764144514673213,0.5776252901015424,0.605073278700891
847.0,0.29336748222238457,0.34846044275005217,0.5776190454937535,0.6050567577267106
848.0,0.46754754463706505,0.348466487656957,0.5684693338265903,0.6324689753158066
849.0,0.4583934404397711,0.3484634334888233,0.568464566891431,0.6232955637350751
850.0,0.44921228018475073,0.34847330611504496,0.5592800435321883,0.6049576784475561
851.0,0.43088064445082813,0.34846497385842895,0.5593056020465628,0.5958022354062175
852.0,0.4216908042366721,0.40347348201912675,0.5501327765354509,0.5958052412934853
853.0,0.42170006030404233,0.38514192351028664,0.550123924352609,0.5866177746826298
854.0,0.4125293089144965,0.3759639202329665,0.5409695455574517,0.5866303164005001
855.0,0.4033541392388784,0.3576262636126246,0.5409453230619686,0.5866228013614134
856.0,0.4033692452325771,0.3576291874333137,0.5501267273796409,0.5866394711567199
857.0,0.3941834554694055,0.3484528329591334,0.540979970041176,0.5958054083269385
858.0,0.39418345637046176,0.33928547507869594,0.5409639375070172,0.5866183578733122
859.0,0.3942000052179978,0.33928525773062757,0.5409695172832923,0.5774779204793784
860.0,0.39419101575877863,0.33928093492509453,0.5318074500734099,0.568321066527794
861.0,0.3941832451900517,0.33927944112720854,0.5318134027419733,0.5683059068759879
862.0,0.3941865345306234,0.33011795251164844,0.5318538871407765,0.5591317151678585
863.0,0.38503360535812475,0.3301014599211929,0.5226858612176772,0.5591231668043983
864.0,0.3758661804547326,0.3301075234920409,0.5226935731857321,0.5591400229401978
865.0,0.3758662141762447,0.3392960915920559,0.5409645745498681,0.5499650280169923
866.0,0.36667562733211073,0.33011060876118004,0.5226166394369435,0.559146056305459
867.0,0.256677191298316,0.3209508037130671,0.5134472589599224,0.5591190121749482
868.0,0.35751722309013495,0.3117774328034203,0.5042729471453863,0.5499771918234434
869.0,0.3575413227530788,0.33012252172964396,0.5042807382424969,0.5499603610097749
870.0,0.3575518433711679,0.33011741423046315,0.5042852760884828,0.549945266942816
871.0,0.34838306593902935,0.32095844606397345,0.4951016309226048,0.5407991675698005
872.0,0.3392087124984694,0.30261462078317136,0.4951004044964086,0.5407931593200846
873.0,0.3483751748839945,0.2934321325198799,0.4859338323799725,0.540775073205491
874.0,0.3483751495647857,0.2934516215313152,0.49508988394285414,0.5316825709771763
875.0,0.3575579703025525,0.30261611027113416,0.4950915698678707,0.5316676797707962
876.0,0.3575413995803954,0.31178326773124126,0.4859386800990216,0.5316797893596648
877.0,0.3483749266708227,0.31178806654837454,0.48594017057528455,0.5316673327360515
878.0,0.3392181625784727,0.31178351028603735,0.4767617868978288,0.5316630689585642
879.0,0.3300245148356597,0.3117772113340679,0.4675988919084863,0.5316663586351772
880.0,0.3300274704158397,0.31176988818988727,0.4584569406311214,0.5316757696200463
881.0,0.3208599774757216,0.3209521579093929,0.44927827295396605,0.522488761651898
882.0,0.3208630363648057,0.32096305053137525,0.4492525062351607,0.5224988355812885
